model,policy,run,rate,status,json
qwen2.5-0.5b,static,1,8,OK,{"rate": 8.0; "duration": 15.0; "seed": 101; "wall_s": 16.0; "tok_s": 382; "all": {"offered": 116; "served": 116; "within": 116; "rejected": 0; "failed": 0; "goodput": 100; "served_pct": 100; "p50": 0.79; "p99": 2.29}; "high": {"offered": 23; "served": 23; "within": 23; "rejected": 0; "failed": 0; "goodput": 100; "served_pct": 100; "p50": 0.5; "p99": 0.86}; "interactive": {"offered": 68; "served": 68; "within": 68; "rejected": 0; "failed": 0; "goodput": 100; "served_pct": 100; "p50": 0.51; "p99": 1.33}; "standard": {"offered": 33; "served": 33; "within": 33; "rejected": 0; "failed": 0; "goodput": 100; "served_pct": 100; "p50": 1.09; "p99": 1.51}; "batch": {"offered": 15; "served": 15; "within": 15; "rejected": 0; "failed": 0; "goodput": 100; "served_pct": 100; "p50": 1.89; "p99": 2.43}; "not_ok": {}}
qwen2.5-0.5b,static,2,8,OK,{"rate": 8.0; "duration": 15.0; "seed": 102; "wall_s": 19.9; "tok_s": 406; "all": {"offered": 137; "served": 137; "within": 125; "rejected": 0; "failed": 0; "goodput": 91; "served_pct": 100; "p50": 2.5; "p99": 5.33}; "high": {"offered": 18; "served": 18; "within": 15; "rejected": 0; "failed": 0; "goodput": 83; "served_pct": 100; "p50": 2.5; "p99": 4.23}; "interactive": {"offered": 61; "served": 61; "within": 49; "rejected": 0; "failed": 0; "goodput": 80; "served_pct": 100; "p50": 1.95; "p99": 4.65}; "standard": {"offered": 52; "served": 52; "within": 52; "rejected": 0; "failed": 0; "goodput": 100; "served_pct": 100; "p50": 2.43; "p99": 4.95}; "batch": {"offered": 24; "served": 24; "within": 24; "rejected": 0; "failed": 0; "goodput": 100; "served_pct": 100; "p50": 3.9; "p99": 5.53}; "not_ok": {}}
qwen2.5-0.5b,static,3,8,OK,{"rate": 8.0; "duration": 15.0; "seed": 103; "wall_s": 15.2; "tok_s": 426; "all": {"offered": 117; "served": 117; "within": 117; "rejected": 0; "failed": 0; "goodput": 100; "served_pct": 100; "p50": 0.71; "p99": 2.16}; "high": {"offered": 28; "served": 28; "within": 28; "rejected": 0; "failed": 0; "goodput": 100; "served_pct": 100; "p50": 0.4; "p99": 1.2}; "interactive": {"offered": 65; "served": 65; "within": 65; "rejected": 0; "failed": 0; "goodput": 100; "served_pct": 100; "p50": 0.39; "p99": 1.27}; "standard": {"offered": 32; "served": 32; "within": 32; "rejected": 0; "failed": 0; "goodput": 100; "served_pct": 100; "p50": 0.76; "p99": 1.7}; "batch": {"offered": 20; "served": 20; "within": 20; "rejected": 0; "failed": 0; "goodput": 100; "served_pct": 100; "p50": 1.46; "p99": 2.52}; "not_ok": {}}
qwen2.5-0.5b,dynamic,1,8,OK,{"rate": 8.0; "duration": 15.0; "seed": 101; "wall_s": 17.3; "tok_s": 343; "all": {"offered": 116; "served": 116; "within": 116; "rejected": 0; "failed": 0; "goodput": 100; "served_pct": 100; "p50": 0.88; "p99": 4.4}; "high": {"offered": 23; "served": 23; "within": 23; "rejected": 0; "failed": 0; "goodput": 100; "served_pct": 100; "p50": 0.63; "p99": 1.01}; "interactive": {"offered": 68; "served": 68; "within": 68; "rejected": 0; "failed": 0; "goodput": 100; "served_pct": 100; "p50": 0.67; "p99": 1.19}; "standard": {"offered": 33; "served": 33; "within": 33; "rejected": 0; "failed": 0; "goodput": 100; "served_pct": 100; "p50": 1.18; "p99": 1.69}; "batch": {"offered": 15; "served": 15; "within": 15; "rejected": 0; "failed": 0; "goodput": 100; "served_pct": 100; "p50": 2.29; "p99": 4.41}; "not_ok": {}}
qwen2.5-0.5b,dynamic,2,8,OK,{"rate": 8.0; "duration": 15.0; "seed": 102; "wall_s": 16.3; "tok_s": 500; "all": {"offered": 137; "served": 137; "within": 137; "rejected": 0; "failed": 0; "goodput": 100; "served_pct": 100; "p50": 0.79; "p99": 1.94}; "high": {"offered": 18; "served": 18; "within": 18; "rejected": 0; "failed": 0; "goodput": 100; "served_pct": 100; "p50": 0.42; "p99": 0.74}; "interactive": {"offered": 61; "served": 61; "within": 61; "rejected": 0; "failed": 0; "goodput": 100; "served_pct": 100; "p50": 0.48; "p99": 1.37}; "standard": {"offered": 52; "served": 52; "within": 52; "rejected": 0; "failed": 0; "goodput": 100; "served_pct": 100; "p50": 0.85; "p99": 1.44}; "batch": {"offered": 24; "served": 24; "within": 24; "rejected": 0; "failed": 0; "goodput": 100; "served_pct": 100; "p50": 1.55; "p99": 2.01}; "not_ok": {}}
qwen2.5-0.5b,dynamic,3,8,OK,{"rate": 8.0; "duration": 15.0; "seed": 103; "wall_s": 18.0; "tok_s": 352; "all": {"offered": 117; "served": 109; "within": 98; "rejected": 8; "failed": 0; "goodput": 84; "served_pct": 93; "p50": 1.24; "p99": 6.5}; "high": {"offered": 28; "served": 27; "within": 24; "rejected": 1; "failed": 0; "goodput": 86; "served_pct": 96; "p50": 0.79; "p99": 3.13}; "interactive": {"offered": 65; "served": 57; "within": 46; "rejected": 8; "failed": 0; "goodput": 71; "served_pct": 88; "p50": 0.83; "p99": 4.66}; "standard": {"offered": 32; "served": 32; "within": 32; "rejected": 0; "failed": 0; "goodput": 100; "served_pct": 100; "p50": 1.3; "p99": 5.07}; "batch": {"offered": 20; "served": 20; "within": 20; "rejected": 0; "failed": 0; "goodput": 100; "served_pct": 100; "p50": 4.4; "p99": 6.61}; "not_ok": {"rejected": 8}}
qwen2.5-0.5b,smart,1,8,OK,{"rate": 8.0; "duration": 15.0; "seed": 101; "wall_s": 16.1; "tok_s": 331; "all": {"offered": 116; "served": 112; "within": 112; "rejected": 4; "failed": 0; "goodput": 97; "served_pct": 97; "p50": 0.94; "p99": 3.3}; "high": {"offered": 23; "served": 23; "within": 23; "rejected": 0; "failed": 0; "goodput": 100; "served_pct": 100; "p50": 0.74; "p99": 1.05}; "interactive": {"offered": 68; "served": 68; "within": 68; "rejected": 0; "failed": 0; "goodput": 100; "served_pct": 100; "p50": 0.74; "p99": 1.61}; "standard": {"offered": 33; "served": 33; "within": 33; "rejected": 0; "failed": 0; "goodput": 100; "served_pct": 100; "p50": 1.63; "p99": 2.77}; "batch": {"offered": 15; "served": 11; "within": 11; "rejected": 4; "failed": 0; "goodput": 73; "served_pct": 73; "p50": 1.85; "p99": 5.53}; "not_ok": {"policy_limit": 4}}
qwen2.5-0.5b,smart,2,8,OK,{"rate": 8.0; "duration": 15.0; "seed": 102; "wall_s": 16.8; "tok_s": 497; "all": {"offered": 137; "served": 137; "within": 137; "rejected": 0; "failed": 0; "goodput": 100; "served_pct": 100; "p50": 0.78; "p99": 2.69}; "high": {"offered": 18; "served": 18; "within": 18; "rejected": 0; "failed": 0; "goodput": 100; "served_pct": 100; "p50": 0.46; "p99": 0.55}; "interactive": {"offered": 61; "served": 61; "within": 61; "rejected": 0; "failed": 0; "goodput": 100; "served_pct": 100; "p50": 0.5; "p99": 1.0}; "standard": {"offered": 52; "served": 52; "within": 52; "rejected": 0; "failed": 0; "goodput": 100; "served_pct": 100; "p50": 0.9; "p99": 1.61}; "batch": {"offered": 24; "served": 24; "within": 24; "rejected": 0; "failed": 0; "goodput": 100; "served_pct": 100; "p50": 1.69; "p99": 2.77}; "not_ok": {}}
qwen2.5-0.5b,smart,3,8,OK,{"rate": 8.0; "duration": 15.0; "seed": 103; "wall_s": 15.9; "tok_s": 403; "all": {"offered": 117; "served": 117; "within": 117; "rejected": 0; "failed": 0; "goodput": 100; "served_pct": 100; "p50": 1.02; "p99": 3.85}; "high": {"offered": 28; "served": 28; "within": 28; "rejected": 0; "failed": 0; "goodput": 100; "served_pct": 100; "p50": 0.68; "p99": 1.03}; "interactive": {"offered": 65; "served": 65; "within": 65; "rejected": 0; "failed": 0; "goodput": 100; "served_pct": 100; "p50": 0.74; "p99": 1.24}; "standard": {"offered": 32; "served": 32; "within": 32; "rejected": 0; "failed": 0; "goodput": 100; "served_pct": 100; "p50": 1.31; "p99": 1.99}; "batch": {"offered": 20; "served": 20; "within": 20; "rejected": 0; "failed": 0; "goodput": 100; "served_pct": 100; "p50": 3.11; "p99": 3.9}; "not_ok": {}}
